Jaar;Balanspost;Energiedrager;Waarde in PJ
1990;Bunkering;Totaal energiedragers;520,2
1990;Bunkering;Aardoliegrondstoffen en producten;520,2
1990;Uitvoer;Totaal energiedragers;5071,4
1990;Uitvoer;Kool en koolproducten;24,7
1990;Uitvoer;Aardoliegrondstoffen en producten;3962,9
1990;Uitvoer;Aardgas;1081,4
1990;Uitvoer;Hernieuwbare energie;0,6
1990;Uitvoer;Biomassa;0,6
1990;Uitvoer;Elektriciteit;1,7
1990;Statistische verschillen;Totaal energiedragers;-38
1990;Statistische verschillen;Aardoliegrondstoffen en producten;-1,3
1990;Statistische verschillen;Aardgas;-38,5
1990;Statistische verschillen;Elektriciteit;1,8
1990;Totaal energieverbruik;Totaal energiedragers;2867
1990;Totaal energieverbruik;Kool en koolproducten;366,9
1990;Totaal energieverbruik;Aardoliegrondstoffen en producten;1059,7
1990;Totaal energieverbruik;Aardgas;1325
1990;Totaal energieverbruik;Kernenergie;38
1990;Totaal energieverbruik;Hernieuwbare energie;31,2
1990;Totaal energieverbruik;Waterkracht;0,3
1990;Totaal energieverbruik;Windenergie;0,2
1990;Totaal energieverbruik;Zonne-energie;0,1
1990;Totaal energieverbruik;Biomassa;30,6
1990;Totaal energieverbruik;Elektriciteit;31,3
1990;Totaal energieverbruik;Overig;14,8
1991;Bunkering;Totaal energiedragers;534,8
1991;Bunkering;Aardoliegrondstoffen en producten;534,8
1991;Uitvoer;Totaal energiedragers;5504,7
1991;Uitvoer;Kool en koolproducten;32,1
1991;Uitvoer;Aardoliegrondstoffen en producten;4254,1
1991;Uitvoer;Aardgas;1215,6
1991;Uitvoer;Hernieuwbare energie;0,7
1991;Uitvoer;Biomassa;0,7
1991;Uitvoer;Elektriciteit;2,2
1991;Statistische verschillen;Totaal energiedragers;-35,5
1991;Statistische verschillen;Kool en koolproducten;0
1991;Statistische verschillen;Aardoliegrondstoffen en producten;2,4
1991;Statistische verschillen;Aardgas;-39,7
1991;Statistische verschillen;Elektriciteit;1,8
1991;Totaal energieverbruik;Totaal energiedragers;2973,9
1991;Totaal energieverbruik;Kool en koolproducten;335,6
1991;Totaal energieverbruik;Aardoliegrondstoffen en producten;1047
1991;Totaal energieverbruik;Aardgas;1478,5
1991;Totaal energieverbruik;Kernenergie;36,1
1991;Totaal energieverbruik;Hernieuwbare energie;31,6
1991;Totaal energieverbruik;Waterkracht;0,4
1991;Totaal energieverbruik;Windenergie;0,3
1991;Totaal energieverbruik;Zonne-energie;0,1
1991;Totaal energieverbruik;Biomassa;30,8
1991;Totaal energieverbruik;Elektriciteit;31,2
1991;Totaal energieverbruik;Overig;13,8
1992;Bunkering;Totaal energiedragers;546
1992;Bunkering;Aardoliegrondstoffen en producten;546
1992;Uitvoer;Totaal energiedragers;5388,6
1992;Uitvoer;Kool en koolproducten;34,6
1992;Uitvoer;Aardoliegrondstoffen en producten;4065,6
1992;Uitvoer;Aardgas;1287
1992;Uitvoer;Hernieuwbare energie;0,6
1992;Uitvoer;Biomassa;0,6
1992;Uitvoer;Elektriciteit;0,8
1992;Statistische verschillen;Totaal energiedragers;-40
1992;Statistische verschillen;Kool en koolproducten;0
1992;Statistische verschillen;Aardoliegrondstoffen en producten;2,3
1992;Statistische verschillen;Aardgas;-46
1992;Statistische verschillen;Elektriciteit;3,6
1992;Totaal energieverbruik;Totaal energiedragers;2955,9
1992;Totaal energieverbruik;Kool en koolproducten;335,3
1992;Totaal energieverbruik;Aardoliegrondstoffen en producten;1059,8
1992;Totaal energieverbruik;Aardgas;1439,7
1992;Totaal energieverbruik;Kernenergie;43,2
1992;Totaal energieverbruik;Hernieuwbare energie;32,5
1992;Totaal energieverbruik;Waterkracht;0,4
1992;Totaal energieverbruik;Windenergie;0,5
1992;Totaal energieverbruik;Zonne-energie;0,1
1992;Totaal energieverbruik;Biomassa;31,4
1992;Totaal energieverbruik;Elektriciteit;27,6
1992;Totaal energieverbruik;Overig;17,8
1993;Bunkering;Totaal energiedragers;534,5
1993;Bunkering;Aardoliegrondstoffen en producten;534,5
1993;Uitvoer;Totaal energiedragers;5548
1993;Uitvoer;Kool en koolproducten;27,3
1993;Uitvoer;Aardoliegrondstoffen en producten;4201,5
1993;Uitvoer;Aardgas;1317,7
1993;Uitvoer;Hernieuwbare energie;0,6
1993;Uitvoer;Biomassa;0,6
1993;Uitvoer;Elektriciteit;1
1993;Statistische verschillen;Totaal energiedragers;-42,1
1993;Statistische verschillen;Kool en koolproducten;0
1993;Statistische verschillen;Aardoliegrondstoffen en producten;1,2
1993;Statistische verschillen;Aardgas;-45,9
1993;Statistische verschillen;Elektriciteit;2,6
1993;Totaal energieverbruik;Totaal energiedragers;3018,7
1993;Totaal energieverbruik;Kool en koolproducten;336,6
1993;Totaal energieverbruik;Aardoliegrondstoffen en producten;1070,4
1993;Totaal energieverbruik;Aardgas;1480,7
1993;Totaal energieverbruik;Kernenergie;42,5
1993;Totaal energieverbruik;Hernieuwbare energie;34,8
1993;Totaal energieverbruik;Waterkracht;0,3
1993;Totaal energieverbruik;Windenergie;0,6
1993;Totaal energieverbruik;Zonne-energie;0,2
1993;Totaal energieverbruik;Biomassa;33,7
1993;Totaal energieverbruik;Elektriciteit;34,5
1993;Totaal energieverbruik;Overig;19,2
1994;Bunkering;Totaal energiedragers;551,1
1994;Bunkering;Aardoliegrondstoffen en producten;551,1
1994;Uitvoer;Totaal energiedragers;5324,1
1994;Uitvoer;Kool en koolproducten;29,2
1994;Uitvoer;Aardoliegrondstoffen en producten;4073,4
1994;Uitvoer;Aardgas;1219,9
1994;Uitvoer;Hernieuwbare energie;0,6
1994;Uitvoer;Biomassa;0,6
1994;Uitvoer;Elektriciteit;1
1994;Statistische verschillen;Totaal energiedragers;-35,9
1994;Statistische verschillen;Kool en koolproducten;0
1994;Statistische verschillen;Aardoliegrondstoffen en producten;-2,6
1994;Statistische verschillen;Aardgas;-33,3
1994;Statistische verschillen;Elektriciteit;0
1994;Totaal energieverbruik;Totaal energiedragers;3027
1994;Totaal energieverbruik;Kool en koolproducten;367,2
1994;Totaal energieverbruik;Aardoliegrondstoffen en producten;1095,4
1994;Totaal energieverbruik;Aardgas;1430
1994;Totaal energieverbruik;Kernenergie;42,7
1994;Totaal energieverbruik;Hernieuwbare energie;35,1
1994;Totaal energieverbruik;Waterkracht;0,4
1994;Totaal energieverbruik;Windenergie;0,9
1994;Totaal energieverbruik;Zonne-energie;0,2
1994;Totaal energieverbruik;Omgevingsenergie;0
1994;Totaal energieverbruik;Biomassa;33,6
1994;Totaal energieverbruik;Elektriciteit;38
1994;Totaal energieverbruik;Overig;18,7
1995;Bunkering;Totaal energiedragers;557,8
1995;Bunkering;Aardoliegrondstoffen en producten;557,8
1995;Uitvoer;Totaal energiedragers;5250,4
1995;Uitvoer;Kool en koolproducten;32,6
1995;Uitvoer;Aardoliegrondstoffen en producten;3995,5
1995;Uitvoer;Aardgas;1219,6
1995;Uitvoer;Hernieuwbare energie;0,6
1995;Uitvoer;Biomassa;0,6
1995;Uitvoer;Elektriciteit;2,1
1995;Statistische verschillen;Totaal energiedragers;-22,5
1995;Statistische verschillen;Aardoliegrondstoffen en producten;-1
1995;Statistische verschillen;Aardgas;-24,6
1995;Statistische verschillen;Hernieuwbare energie;0
1995;Statistische verschillen;Biomassa;0
1995;Statistische verschillen;Elektriciteit;3,1
1995;Totaal energieverbruik;Totaal energiedragers;3107,1
1995;Totaal energieverbruik;Kool en koolproducten;373,6
1995;Totaal energieverbruik;Aardoliegrondstoffen en producten;1122,4
1995;Totaal energieverbruik;Aardgas;1468,9
1995;Totaal energieverbruik;Kernenergie;43,1
1995;Totaal energieverbruik;Hernieuwbare energie;38,5
1995;Totaal energieverbruik;Waterkracht;0,3
1995;Totaal energieverbruik;Windenergie;1,1
1995;Totaal energieverbruik;Zonne-energie;0,2
1995;Totaal energieverbruik;Omgevingsenergie;0
1995;Totaal energieverbruik;Biomassa;36,8
1995;Totaal energieverbruik;Elektriciteit;37,9
1995;Totaal energieverbruik;Overig;22,8
1996;Bunkering;Totaal energiedragers;583,5
1996;Bunkering;Aardoliegrondstoffen en producten;583,5
1996;Uitvoer;Totaal energiedragers;5690,2
1996;Uitvoer;Kool en koolproducten;27,3
1996;Uitvoer;Aardoliegrondstoffen en producten;4195,7
1996;Uitvoer;Aardgas;1464
1996;Uitvoer;Hernieuwbare energie;0,7
1996;Uitvoer;Biomassa;0,7
1996;Uitvoer;Elektriciteit;2,5
1996;Statistische verschillen;Totaal energiedragers;-32,7
1996;Statistische verschillen;Kool en koolproducten;0
1996;Statistische verschillen;Aardoliegrondstoffen en producten;2,3
1996;Statistische verschillen;Aardgas;-36,9
1996;Statistische verschillen;Hernieuwbare energie;0,1
1996;Statistische verschillen;Biomassa;0,1
1996;Statistische verschillen;Elektriciteit;1,8
1996;Totaal energieverbruik;Totaal energiedragers;3287,2
1996;Totaal energieverbruik;Kool en koolproducten;361,1
1996;Totaal energieverbruik;Aardoliegrondstoffen en producten;1146,8
1996;Totaal energieverbruik;Aardgas;1627,9
1996;Totaal energieverbruik;Kernenergie;44,5
1996;Totaal energieverbruik;Hernieuwbare energie;44,1
1996;Totaal energieverbruik;Waterkracht;0,3
1996;Totaal energieverbruik;Windenergie;1,6
1996;Totaal energieverbruik;Zonne-energie;0,2
1996;Totaal energieverbruik;Omgevingsenergie;0
1996;Totaal energieverbruik;Biomassa;41,9
1996;Totaal energieverbruik;Elektriciteit;36,3
1996;Totaal energieverbruik;Overig;26,4
1997;Bunkering;Totaal energiedragers;627,7
1997;Bunkering;Aardoliegrondstoffen en producten;627,7
1997;Uitvoer;Totaal energiedragers;5651,7
1997;Uitvoer;Kool en koolproducten;30,4
1997;Uitvoer;Aardoliegrondstoffen en producten;4345,6
1997;Uitvoer;Aardgas;1273,5
1997;Uitvoer;Hernieuwbare energie;0,5
1997;Uitvoer;Biomassa;0,5
1997;Uitvoer;Elektriciteit;1,7
1997;Statistische verschillen;Totaal energiedragers;-24,9
1997;Statistische verschillen;Kool en koolproducten;0
1997;Statistische verschillen;Aardoliegrondstoffen en producten;2,5
1997;Statistische verschillen;Aardgas;-28,5
1997;Statistische verschillen;Hernieuwbare energie;-0,1
1997;Statistische verschillen;Biomassa;-0,1
1997;Statistische verschillen;Elektriciteit;1,1
1997;Totaal energieverbruik;Totaal energiedragers;3173,2
1997;Totaal energieverbruik;Kool en koolproducten;351,7
1997;Totaal energieverbruik;Aardoliegrondstoffen en producten;1147,8
1997;Totaal energieverbruik;Aardgas;1525,3
1997;Totaal energieverbruik;Kernenergie;25,2
1997;Totaal energieverbruik;Hernieuwbare energie;48
1997;Totaal energieverbruik;Waterkracht;0,3
1997;Totaal energieverbruik;Windenergie;1,7
1997;Totaal energieverbruik;Zonne-energie;0,3
1997;Totaal energieverbruik;Omgevingsenergie;0,1
1997;Totaal energieverbruik;Biomassa;45,6
1997;Totaal energieverbruik;Elektriciteit;44,3
1997;Totaal energieverbruik;Overig;31
1998;Bunkering;Totaal energiedragers;634,6
1998;Bunkering;Aardoliegrondstoffen en producten;634,6
1998;Uitvoer;Totaal energiedragers;5522,8
1998;Uitvoer;Kool en koolproducten;33,8
1998;Uitvoer;Aardoliegrondstoffen en producten;4319
1998;Uitvoer;Aardgas;1166
1998;Uitvoer;Hernieuwbare energie;2,4
1998;Uitvoer;Biomassa;2,4
1998;Uitvoer;Elektriciteit;1,5
1998;Statistische verschillen;Totaal energiedragers;-15,2
1998;Statistische verschillen;Kool en koolproducten;0
1998;Statistische verschillen;Aardoliegrondstoffen en producten;1,2
1998;Statistische verschillen;Aardgas;-18,7
1998;Statistische verschillen;Hernieuwbare energie;0
1998;Statistische verschillen;Biomassa;0
1998;Statistische verschillen;Elektriciteit;2,4
1998;Totaal energieverbruik;Totaal energiedragers;3182,2
1998;Totaal energieverbruik;Kool en koolproducten;357,9
1998;Totaal energieverbruik;Aardoliegrondstoffen en producten;1156,2
1998;Totaal energieverbruik;Aardgas;1506,2
1998;Totaal energieverbruik;Kernenergie;39,3
1998;Totaal energieverbruik;Hernieuwbare energie;50,6
1998;Totaal energieverbruik;Waterkracht;0,4
1998;Totaal energieverbruik;Windenergie;2,3
1998;Totaal energieverbruik;Zonne-energie;0,3
1998;Totaal energieverbruik;Omgevingsenergie;0,1
1998;Totaal energieverbruik;Biomassa;47,5
1998;Totaal energieverbruik;Elektriciteit;40,1
1998;Totaal energieverbruik;Overig;31,9
1999;Bunkering;Totaal energiedragers;660,3
1999;Bunkering;Aardoliegrondstoffen en producten;660,3
1999;Uitvoer;Totaal energiedragers;5451,5
1999;Uitvoer;Kool en koolproducten;24,7
1999;Uitvoer;Aardoliegrondstoffen en producten;4266,7
1999;Uitvoer;Aardgas;1142,6
1999;Uitvoer;Hernieuwbare energie;3,3
1999;Uitvoer;Biomassa;3,3
1999;Uitvoer;Elektriciteit;14,3
1999;Statistische verschillen;Totaal energiedragers;-28,5
1999;Statistische verschillen;Kool en koolproducten;0
1999;Statistische verschillen;Aardoliegrondstoffen en producten;-6,7
1999;Statistische verschillen;Aardgas;-23,8
1999;Statistische verschillen;Hernieuwbare energie;0
1999;Statistische verschillen;Biomassa;0
1999;Statistische verschillen;Elektriciteit;2
1999;Totaal energieverbruik;Totaal energiedragers;3136,2
1999;Totaal energieverbruik;Kool en koolproducten;312,3
1999;Totaal energieverbruik;Aardoliegrondstoffen en producten;1163
1999;Totaal energieverbruik;Aardgas;1471,6
1999;Totaal energieverbruik;Kernenergie;39,7
1999;Totaal energieverbruik;Hernieuwbare energie;52,9
1999;Totaal energieverbruik;Waterkracht;0,3
1999;Totaal energieverbruik;Windenergie;2,3
1999;Totaal energieverbruik;Zonne-energie;0,4
1999;Totaal energieverbruik;Omgevingsenergie;0,1
1999;Totaal energieverbruik;Biomassa;49,7
1999;Totaal energieverbruik;Elektriciteit;64,3
1999;Totaal energieverbruik;Overig;32,4
2000;Bunkering;Totaal energiedragers;689,2
2000;Bunkering;Aardoliegrondstoffen en producten;689,2
2000;Uitvoer;Totaal energiedragers;5686,7
2000;Uitvoer;Kool en koolproducten;16,8
2000;Uitvoer;Aardoliegrondstoffen en producten;4408,5
2000;Uitvoer;Aardgas;1241,9
2000;Uitvoer;Hernieuwbare energie;5
2000;Uitvoer;Biomassa;5
2000;Uitvoer;Elektriciteit;14,5
2000;Statistische verschillen;Totaal energiedragers;-11,6
2000;Statistische verschillen;Kool en koolproducten;0
2000;Statistische verschillen;Aardoliegrondstoffen en producten;-4,9
2000;Statistische verschillen;Aardgas;-10
2000;Statistische verschillen;Hernieuwbare energie;0
2000;Statistische verschillen;Biomassa;0
2000;Statistische verschillen;Elektriciteit;3,3
2000;Totaal energieverbruik;Totaal energiedragers;3158,1
2000;Totaal energieverbruik;Kool en koolproducten;325,2
2000;Totaal energieverbruik;Aardoliegrondstoffen en producten;1163,7
2000;Totaal energieverbruik;Aardgas;1475,7
2000;Totaal energieverbruik;Kernenergie;40,5
2000;Totaal energieverbruik;Hernieuwbare energie;56,7
2000;Totaal energieverbruik;Waterkracht;0,5
2000;Totaal energieverbruik;Windenergie;3
2000;Totaal energieverbruik;Zonne-energie;0,5
2000;Totaal energieverbruik;Omgevingsenergie;0,2
2000;Totaal energieverbruik;Biomassa;52,6
2000;Totaal energieverbruik;Elektriciteit;64,8
2000;Totaal energieverbruik;Overig;31,6
2001;Bunkering;Totaal energiedragers;737,1
2001;Bunkering;Aardoliegrondstoffen en producten;737,1
2001;Uitvoer;Totaal energiedragers;5961,5
2001;Uitvoer;Kool en koolproducten;23,9
2001;Uitvoer;Aardoliegrondstoffen en producten;4429,1
2001;Uitvoer;Aardgas;1486
2001;Uitvoer;Hernieuwbare energie;7,4
2001;Uitvoer;Biomassa;7,4
2001;Uitvoer;Elektriciteit;15,2
2001;Statistische verschillen;Totaal energiedragers;-1,3
2001;Statistische verschillen;Kool en koolproducten;0
2001;Statistische verschillen;Aardoliegrondstoffen en producten;-1,1
2001;Statistische verschillen;Aardgas;-3,7
2001;Statistische verschillen;Hernieuwbare energie;0
2001;Statistische verschillen;Biomassa;0
2001;Statistische verschillen;Elektriciteit;3,4
2001;Totaal energieverbruik;Totaal energiedragers;3232,6
2001;Totaal energieverbruik;Kool en koolproducten;346,2
2001;Totaal energieverbruik;Aardoliegrondstoffen en producten;1189,8
2001;Totaal energieverbruik;Aardgas;1505,5
2001;Totaal energieverbruik;Kernenergie;40,9
2001;Totaal energieverbruik;Hernieuwbare energie;59,6
2001;Totaal energieverbruik;Waterkracht;0,4
2001;Totaal energieverbruik;Windenergie;3
2001;Totaal energieverbruik;Zonne-energie;0,6
2001;Totaal energieverbruik;Omgevingsenergie;0,2
2001;Totaal energieverbruik;Biomassa;55,5
2001;Totaal energieverbruik;Elektriciteit;58,8
2001;Totaal energieverbruik;Overig;31,9
2002;Bunkering;Totaal energiedragers;737,8
2002;Bunkering;Aardoliegrondstoffen en producten;737,8
2002;Uitvoer;Totaal energiedragers;6201
2002;Uitvoer;Kool en koolproducten;21
2002;Uitvoer;Aardoliegrondstoffen en producten;4577,1
2002;Uitvoer;Aardgas;1575,1
2002;Uitvoer;Hernieuwbare energie;11,7
2002;Uitvoer;Biomassa;11,7
2002;Uitvoer;Elektriciteit;16,2
2002;Statistische verschillen;Totaal energiedragers;15,4
2002;Statistische verschillen;Kool en koolproducten;0
2002;Statistische verschillen;Aardoliegrondstoffen en producten;4,2
2002;Statistische verschillen;Aardgas;8,1
2002;Statistische verschillen;Hernieuwbare energie;0
2002;Statistische verschillen;Biomassa;0
2002;Statistische verschillen;Elektriciteit;3,1
2002;Totaal energieverbruik;Totaal energiedragers;3249,1
2002;Totaal energieverbruik;Kool en koolproducten;348
2002;Totaal energieverbruik;Aardoliegrondstoffen en producten;1215,3
2002;Totaal energieverbruik;Aardgas;1490,3
2002;Totaal energieverbruik;Kernenergie;40,3
2002;Totaal energieverbruik;Hernieuwbare energie;65,5
2002;Totaal energieverbruik;Waterkracht;0,4
2002;Totaal energieverbruik;Windenergie;3,4
2002;Totaal energieverbruik;Zonne-energie;0,7
2002;Totaal energieverbruik;Omgevingsenergie;0,3
2002;Totaal energieverbruik;Biomassa;60,7
2002;Totaal energieverbruik;Elektriciteit;55,9
2002;Totaal energieverbruik;Overig;33,8
2003;Bunkering;Totaal energiedragers;699
2003;Bunkering;Aardoliegrondstoffen en producten;699
2003;Uitvoer;Totaal energiedragers;6117,8
2003;Uitvoer;Kool en koolproducten;17,5
2003;Uitvoer;Aardoliegrondstoffen en producten;4632,1
2003;Uitvoer;Aardgas;1442,6
2003;Uitvoer;Hernieuwbare energie;11,8
2003;Uitvoer;Biomassa;11,8
2003;Uitvoer;Elektriciteit;13,7
2003;Statistische verschillen;Totaal energiedragers;7,1
2003;Statistische verschillen;Kool en koolproducten;0
2003;Statistische verschillen;Aardoliegrondstoffen en producten;-1
2003;Statistische verschillen;Aardgas;5,8
2003;Statistische verschillen;Hernieuwbare energie;0
2003;Statistische verschillen;Biomassa;0
2003;Statistische verschillen;Elektriciteit;2,3
2003;Totaal energieverbruik;Totaal energiedragers;3367,3
2003;Totaal energieverbruik;Kool en koolproducten;359,3
2003;Totaal energieverbruik;Aardoliegrondstoffen en producten;1307,2
2003;Totaal energieverbruik;Aardgas;1500,6
2003;Totaal energieverbruik;Kernenergie;41,3
2003;Totaal energieverbruik;Hernieuwbare energie;64
2003;Totaal energieverbruik;Waterkracht;0,3
2003;Totaal energieverbruik;Windenergie;4,8
2003;Totaal energieverbruik;Zonne-energie;0,8
2003;Totaal energieverbruik;Omgevingsenergie;0,4
2003;Totaal energieverbruik;Biomassa;57,8
2003;Totaal energieverbruik;Elektriciteit;58,9
2003;Totaal energieverbruik;Overig;36
2004;Bunkering;Totaal energiedragers;758,9
2004;Bunkering;Aardoliegrondstoffen en producten;758,9
2004;Uitvoer;Totaal energiedragers;6586,7
2004;Uitvoer;Kool en koolproducten;10,9
2004;Uitvoer;Aardoliegrondstoffen en producten;4936,5
2004;Uitvoer;Aardgas;1606
2004;Uitvoer;Hernieuwbare energie;14,7
2004;Uitvoer;Biomassa;14,7
2004;Uitvoer;Elektriciteit;18,7
2004;Statistische verschillen;Totaal energiedragers;4,8
2004;Statistische verschillen;Kool en koolproducten;0
2004;Statistische verschillen;Aardoliegrondstoffen en producten;-2,5
2004;Statistische verschillen;Aardgas;2,2
2004;Statistische verschillen;Hernieuwbare energie;0
2004;Statistische verschillen;Biomassa;0
2004;Statistische verschillen;Elektriciteit;5,1
2004;Totaal energieverbruik;Totaal energiedragers;3406
2004;Totaal energieverbruik;Kool en koolproducten;354,6
2004;Totaal energieverbruik;Aardoliegrondstoffen en producten;1308,5
2004;Totaal energieverbruik;Aardgas;1536,4
2004;Totaal energieverbruik;Kernenergie;39,4
2004;Totaal energieverbruik;Hernieuwbare energie;75,7
2004;Totaal energieverbruik;Waterkracht;0,3
2004;Totaal energieverbruik;Windenergie;6,7
2004;Totaal energieverbruik;Zonne-energie;0,9
2004;Totaal energieverbruik;Omgevingsenergie;0,5
2004;Totaal energieverbruik;Biomassa;67,3
2004;Totaal energieverbruik;Elektriciteit;53,3
2004;Totaal energieverbruik;Overig;37,9
2005;Bunkering;Totaal energiedragers;806,6
2005;Bunkering;Aardoliegrondstoffen en producten;806,6
2005;Uitvoer;Totaal energiedragers;6724,1
2005;Uitvoer;Kool en koolproducten;11,1
2005;Uitvoer;Aardoliegrondstoffen en producten;5115,4
2005;Uitvoer;Aardgas;1564,9
2005;Uitvoer;Hernieuwbare energie;13,3
2005;Uitvoer;Biomassa;13,3
2005;Uitvoer;Elektriciteit;19,4
2005;Statistische verschillen;Totaal energiedragers;-14,5
2005;Statistische verschillen;Kool en koolproducten;0
2005;Statistische verschillen;Aardoliegrondstoffen en producten;-0,4
2005;Statistische verschillen;Aardgas;-13,4
2005;Statistische verschillen;Hernieuwbare energie;0,2
2005;Statistische verschillen;Biomassa;0,2
2005;Statistische verschillen;Elektriciteit;-0,9
2005;Totaal energieverbruik;Totaal energiedragers;3378,3
2005;Totaal energieverbruik;Kool en koolproducten;338,6
2005;Totaal energieverbruik;Aardoliegrondstoffen en producten;1305,4
2005;Totaal energieverbruik;Aardgas;1492,4
2005;Totaal energieverbruik;Kernenergie;41,3
2005;Totaal energieverbruik;Hernieuwbare energie;94,8
2005;Totaal energieverbruik;Waterkracht;0,3
2005;Totaal energieverbruik;Windenergie;7,4
2005;Totaal energieverbruik;Zonne-energie;0,9
2005;Totaal energieverbruik;Omgevingsenergie;0,7
2005;Totaal energieverbruik;Biomassa;85,4
2005;Totaal energieverbruik;Elektriciteit;66,7
2005;Totaal energieverbruik;Overig;39,1
2006;Bunkering;Totaal energiedragers;852,1
2006;Bunkering;Aardoliegrondstoffen en producten;852,1
2006;Uitvoer;Totaal energiedragers;6963,8
2006;Uitvoer;Kool en koolproducten;22,4
2006;Uitvoer;Aardoliegrondstoffen en producten;5267,3
2006;Uitvoer;Aardgas;1639,9
2006;Uitvoer;Hernieuwbare energie;13
2006;Uitvoer;Biomassa;13
2006;Uitvoer;Elektriciteit;21,2
2006;Statistische verschillen;Totaal energiedragers;3,1
2006;Statistische verschillen;Kool en koolproducten;0
2006;Statistische verschillen;Aardoliegrondstoffen en producten;-0,3
2006;Statistische verschillen;Aardgas;0,6
2006;Statistische verschillen;Hernieuwbare energie;0,1
2006;Statistische verschillen;Biomassa;0,1
2006;Statistische verschillen;Elektriciteit;2,7
2006;Totaal energieverbruik;Totaal energiedragers;3320,6
2006;Totaal energieverbruik;Kool en koolproducten;323,9
2006;Totaal energieverbruik;Aardoliegrondstoffen en producten;1314,8
2006;Totaal energieverbruik;Aardgas;1433,1
2006;Totaal energieverbruik;Kernenergie;35,9
2006;Totaal energieverbruik;Hernieuwbare energie;101
2006;Totaal energieverbruik;Waterkracht;0,4
2006;Totaal energieverbruik;Windenergie;9,8
2006;Totaal energieverbruik;Zonne-energie;0,9
2006;Totaal energieverbruik;Omgevingsenergie;0,9
2006;Totaal energieverbruik;Biomassa;88,9
2006;Totaal energieverbruik;Elektriciteit;74,5
2006;Totaal energieverbruik;Overig;37,4
2007;Bunkering;Totaal energiedragers;870,5
2007;Bunkering;Aardoliegrondstoffen en producten;870,5
2007;Uitvoer;Totaal energiedragers;6832,6
2007;Uitvoer;Kool en koolproducten;17,7
2007;Uitvoer;Aardoliegrondstoffen en producten;5110,4
2007;Uitvoer;Aardgas;1670,2
2007;Uitvoer;Hernieuwbare energie;14,6
2007;Uitvoer;Biomassa;14,6
2007;Uitvoer;Elektriciteit;19,7
2007;Statistische verschillen;Totaal energiedragers;-2,2
2007;Statistische verschillen;Kool en koolproducten;0
2007;Statistische verschillen;Aardoliegrondstoffen en producten;-3,3
2007;Statistische verschillen;Aardgas;-1,4
2007;Statistische verschillen;Hernieuwbare energie;-0,2
2007;Statistische verschillen;Biomassa;-0,2
2007;Statistische verschillen;Elektriciteit;2,7
2007;Totaal energieverbruik;Totaal energiedragers;3318,4
2007;Totaal energieverbruik;Kool en koolproducten;351,8
2007;Totaal energieverbruik;Aardoliegrondstoffen en producten;1324,1
2007;Totaal energieverbruik;Aardgas;1397
2007;Totaal energieverbruik;Kernenergie;41
2007;Totaal energieverbruik;Hernieuwbare energie;104,7
2007;Totaal energieverbruik;Waterkracht;0,4
2007;Totaal energieverbruik;Windenergie;12,4
2007;Totaal energieverbruik;Zonne-energie;1
2007;Totaal energieverbruik;Omgevingsenergie;1,2
2007;Totaal energieverbruik;Biomassa;89,7
2007;Totaal energieverbruik;Elektriciteit;60,7
2007;Totaal energieverbruik;Overig;39
2008;Bunkering;Totaal energiedragers;844,4
2008;Bunkering;Aardoliegrondstoffen en producten;844,4
2008;Uitvoer;Totaal energiedragers;7287,5
2008;Uitvoer;Kool en koolproducten;10,2
2008;Uitvoer;Aardoliegrondstoffen en producten;5376,6
2008;Uitvoer;Aardgas;1851,7
2008;Uitvoer;Hernieuwbare energie;16,2
2008;Uitvoer;Biomassa;16,2
2008;Uitvoer;Elektriciteit;32,8
2008;Statistische verschillen;Totaal energiedragers;-4
2008;Statistische verschillen;Kool en koolproducten;0
2008;Statistische verschillen;Aardoliegrondstoffen en producten;-3,2
2008;Statistische verschillen;Aardgas;-3
2008;Statistische verschillen;Hernieuwbare energie;0
2008;Statistische verschillen;Biomassa;0
2008;Statistische verschillen;Elektriciteit;2,2
2008;Totaal energieverbruik;Totaal energiedragers;3287,6
2008;Totaal energieverbruik;Kool en koolproducten;333,5
2008;Totaal energieverbruik;Aardoliegrondstoffen en producten;1242,4
2008;Totaal energieverbruik;Aardgas;1454
2008;Totaal energieverbruik;Kernenergie;40,1
2008;Totaal energieverbruik;Hernieuwbare energie;122,7
2008;Totaal energieverbruik;Waterkracht;0,4
2008;Totaal energieverbruik;Windenergie;15,3
2008;Totaal energieverbruik;Zonne-energie;1
2008;Totaal energieverbruik;Aardwarmte;0,1
2008;Totaal energieverbruik;Omgevingsenergie;1,7
2008;Totaal energieverbruik;Biomassa;104,2
2008;Totaal energieverbruik;Elektriciteit;54,9
2008;Totaal energieverbruik;Overig;40,1
2009;Bunkering;Totaal energiedragers;759,2
2009;Bunkering;Aardoliegrondstoffen en producten;759,2
2009;Uitvoer;Totaal energiedragers;7306,4
2009;Uitvoer;Kool en koolproducten;4,8
2009;Uitvoer;Aardoliegrondstoffen en producten;5581,3
2009;Uitvoer;Aardgas;1668,5
2009;Uitvoer;Hernieuwbare energie;13,8
2009;Uitvoer;Biomassa;13,8
2009;Uitvoer;Elektriciteit;38
2009;Statistische verschillen;Totaal energiedragers;-12,1
2009;Statistische verschillen;Kool en koolproducten;0
2009;Statistische verschillen;Aardoliegrondstoffen en producten;-7,8
2009;Statistische verschillen;Aardgas;-2,9
2009;Statistische verschillen;Hernieuwbare energie;0
2009;Statistische verschillen;Biomassa;0
2009;Statistische verschillen;Elektriciteit;-1,4
2009;Totaal energieverbruik;Totaal energiedragers;3253,6
2009;Totaal energieverbruik;Kool en koolproducten;312,4
2009;Totaal energieverbruik;Aardoliegrondstoffen en producten;1215,2
2009;Totaal energieverbruik;Aardgas;1488,9
2009;Totaal energieverbruik;Kernenergie;41
2009;Totaal energieverbruik;Hernieuwbare energie;138
2009;Totaal energieverbruik;Waterkracht;0,4
2009;Totaal energieverbruik;Windenergie;16,5
2009;Totaal energieverbruik;Zonne-energie;1,1
2009;Totaal energieverbruik;Aardwarmte;0,1
2009;Totaal energieverbruik;Omgevingsenergie;2,2
2009;Totaal energieverbruik;Biomassa;117,7
2009;Totaal energieverbruik;Elektriciteit;19
2009;Totaal energieverbruik;Overig;39
2010;Bunkering;Totaal energiedragers;723
2010;Bunkering;Aardoliegrondstoffen en producten;723
2010;Uitvoer;Totaal energiedragers;7956,5
2010;Uitvoer;Kool en koolproducten;4,6
2010;Uitvoer;Aardoliegrondstoffen en producten;6095,1
2010;Uitvoer;Aardgas;1786,1
2010;Uitvoer;Hernieuwbare energie;24,5
2010;Uitvoer;Biomassa;24,5
2010;Uitvoer;Elektriciteit;46,1
2010;Statistische verschillen;Totaal energiedragers;-12,4
2010;Statistische verschillen;Kool en koolproducten;0
2010;Statistische verschillen;Aardoliegrondstoffen en producten;-5,4
2010;Statistische verschillen;Aardgas;-5,8
2010;Statistische verschillen;Hernieuwbare energie;-0,1
2010;Statistische verschillen;Biomassa;-0,1
2010;Statistische verschillen;Elektriciteit;-1,2
2010;Totaal energieverbruik;Totaal energiedragers;3485,3
2010;Totaal energieverbruik;Kool en koolproducten;315,5
2010;Totaal energieverbruik;Aardoliegrondstoffen en producten;1261,5
2010;Totaal energieverbruik;Aardgas;1683,3
2010;Totaal energieverbruik;Kernenergie;38,4
2010;Totaal energieverbruik;Hernieuwbare energie;138,3
2010;Totaal energieverbruik;Waterkracht;0,4
2010;Totaal energieverbruik;Windenergie;14,4
2010;Totaal energieverbruik;Zonne-energie;1,2
2010;Totaal energieverbruik;Aardwarmte;0,3
2010;Totaal energieverbruik;Omgevingsenergie;2,7
2010;Totaal energieverbruik;Biomassa;119,3
2010;Totaal energieverbruik;Elektriciteit;11,2
2010;Totaal energieverbruik;Overig;37,2
2011;Bunkering;Totaal energiedragers;773,2
2011;Bunkering;Aardoliegrondstoffen en producten;773,2
2011;Uitvoer;Totaal energiedragers;7691,1
2011;Uitvoer;Kool en koolproducten;1,8
2011;Uitvoer;Aardoliegrondstoffen en producten;5907
2011;Uitvoer;Aardgas;1719,3
2011;Uitvoer;Hernieuwbare energie;20,5
2011;Uitvoer;Biomassa;20,5
2011;Uitvoer;Elektriciteit;41,5
2011;Uitvoer;Overig;1,1
2011;Statistische verschillen;Totaal energiedragers;-13,1
2011;Statistische verschillen;Kool en koolproducten;0
2011;Statistische verschillen;Aardoliegrondstoffen en producten;-8
2011;Statistische verschillen;Aardgas;-6,2
2011;Statistische verschillen;Hernieuwbare energie;-0,1
2011;Statistische verschillen;Biomassa;-0,1
2011;Statistische verschillen;Elektriciteit;1,2
2011;Totaal energieverbruik;Totaal energiedragers;3250,6
2011;Totaal energieverbruik;Kool en koolproducten;311,4
2011;Totaal energieverbruik;Aardoliegrondstoffen en producten;1208,9
2011;Totaal energieverbruik;Aardgas;1473,4
2011;Totaal energieverbruik;Kernenergie;40,2
2011;Totaal energieverbruik;Hernieuwbare energie;146,6
2011;Totaal energieverbruik;Waterkracht;0,2
2011;Totaal energieverbruik;Windenergie;18,4
2011;Totaal energieverbruik;Zonne-energie;1,4
2011;Totaal energieverbruik;Aardwarmte;0,3
2011;Totaal energieverbruik;Omgevingsenergie;3,3
2011;Totaal energieverbruik;Biomassa;123
2011;Totaal energieverbruik;Elektriciteit;31,5
2011;Totaal energieverbruik;Overig;38,6
2012;Bunkering;Totaal energiedragers;716,9
2012;Bunkering;Aardoliegrondstoffen en producten;716,9
2012;Uitvoer;Totaal energiedragers;8186,5
2012;Uitvoer;Kool en koolproducten;3,3
2012;Uitvoer;Aardoliegrondstoffen en producten;6176,3
2012;Uitvoer;Aardgas;1906,5
2012;Uitvoer;Hernieuwbare energie;45,1
2012;Uitvoer;Biomassa;45,1
2012;Uitvoer;Elektriciteit;54,2
2012;Uitvoer;Overig;1,2
2012;Statistische verschillen;Totaal energiedragers;-8,6
2012;Statistische verschillen;Kool en koolproducten;0
2012;Statistische verschillen;Aardoliegrondstoffen en producten;-4,6
2012;Statistische verschillen;Aardgas;-12,3
2012;Statistische verschillen;Hernieuwbare energie;-0,1
2012;Statistische verschillen;Biomassa;-0,1
2012;Statistische verschillen;Elektriciteit;8,3
2012;Totaal energieverbruik;Totaal energiedragers;3260,1
2012;Totaal energieverbruik;Kool en koolproducten;341,1
2012;Totaal energieverbruik;Aardoliegrondstoffen en producten;1222
2012;Totaal energieverbruik;Aardgas;1414,2
2012;Totaal energieverbruik;Kernenergie;38,5
2012;Totaal energieverbruik;Hernieuwbare energie;150,8
2012;Totaal energieverbruik;Waterkracht;0,4
2012;Totaal energieverbruik;Windenergie;17,9
2012;Totaal energieverbruik;Zonne-energie;1,8
2012;Totaal energieverbruik;Aardwarmte;0,5
2012;Totaal energieverbruik;Omgevingsenergie;3,8
2012;Totaal energieverbruik;Biomassa;126,5
2012;Totaal energieverbruik;Elektriciteit;53,3
2012;Totaal energieverbruik;Overig;40,1
2013;Bunkering;Totaal energiedragers;695,8
2013;Bunkering;Aardoliegrondstoffen en producten;695,8
2013;Bunkering;Aardgas;0
2013;Uitvoer;Totaal energiedragers;8207,6
2013;Uitvoer;Kool en koolproducten;9,2
2013;Uitvoer;Aardoliegrondstoffen en producten;5956,6
2013;Uitvoer;Aardgas;2128,1
2013;Uitvoer;Hernieuwbare energie;58,5
2013;Uitvoer;Biomassa;58,5
2013;Uitvoer;Elektriciteit;54,1
2013;Uitvoer;Overig;1,2
2013;Statistische verschillen;Totaal energiedragers;-19,5
2013;Statistische verschillen;Kool en koolproducten;0
2013;Statistische verschillen;Aardoliegrondstoffen en producten;-9,6
2013;Statistische verschillen;Aardgas;-10,5
2013;Statistische verschillen;Hernieuwbare energie;-0,1
2013;Statistische verschillen;Biomassa;-0,1
2013;Statistische verschillen;Elektriciteit;0,6
2013;Totaal energieverbruik;Totaal energiedragers;3185,5
2013;Totaal energieverbruik;Kool en koolproducten;342,8
2013;Totaal energieverbruik;Aardoliegrondstoffen en producten;1153,6
2013;Totaal energieverbruik;Aardgas;1408,1
2013;Totaal energieverbruik;Kernenergie;27,6
2013;Totaal energieverbruik;Hernieuwbare energie;146,6
2013;Totaal energieverbruik;Waterkracht;0,4
2013;Totaal energieverbruik;Windenergie;20,3
2013;Totaal energieverbruik;Zonne-energie;2,6
2013;Totaal energieverbruik;Aardwarmte;1
2013;Totaal energieverbruik;Omgevingsenergie;4,4
2013;Totaal energieverbruik;Biomassa;118
2013;Totaal energieverbruik;Elektriciteit;65
2013;Totaal energieverbruik;Overig;41,7
2014;Bunkering;Totaal energiedragers;689,8
2014;Bunkering;Aardoliegrondstoffen en producten;689,8
2014;Bunkering;Aardgas;0
2014;Uitvoer;Totaal energiedragers;8102,2
2014;Uitvoer;Kool en koolproducten;18,3
2014;Uitvoer;Aardoliegrondstoffen en producten;6100,4
2014;Uitvoer;Aardgas;1846,7
2014;Uitvoer;Hernieuwbare energie;70,2
2014;Uitvoer;Biomassa;70,2
2014;Uitvoer;Elektriciteit;65,3
2014;Uitvoer;Overig;1,2
2014;Statistische verschillen;Totaal energiedragers;-19,7
2014;Statistische verschillen;Kool en koolproducten;0
2014;Statistische verschillen;Aardoliegrondstoffen en producten;-5,3
2014;Statistische verschillen;Aardgas;-17,4
2014;Statistische verschillen;Hernieuwbare energie;0
2014;Statistische verschillen;Biomassa;0
2014;Statistische verschillen;Elektriciteit;3,1
2014;Totaal energieverbruik;Totaal energiedragers;3030,1
2014;Totaal energieverbruik;Kool en koolproducten;378,8
2014;Totaal energieverbruik;Aardoliegrondstoffen en producten;1136,7
2014;Totaal energieverbruik;Aardgas;1235,8
2014;Totaal energieverbruik;Kernenergie;39,4
2014;Totaal energieverbruik;Hernieuwbare energie;147,4
2014;Totaal energieverbruik;Waterkracht;0,4
2014;Totaal energieverbruik;Windenergie;20,9
2014;Totaal energieverbruik;Zonne-energie;3,7
2014;Totaal energieverbruik;Aardwarmte;1,5
2014;Totaal energieverbruik;Omgevingsenergie;5
2014;Totaal energieverbruik;Biomassa;115,9
2014;Totaal energieverbruik;Elektriciteit;50
2014;Totaal energieverbruik;Overig;42,1
2015;Bunkering;Totaal energiedragers;659,5
2015;Bunkering;Aardoliegrondstoffen en producten;659,4
2015;Bunkering;Aardgas;0
2015;Uitvoer;Totaal energiedragers;8444,4
2015;Uitvoer;Kool en koolproducten;3,5
2015;Uitvoer;Aardoliegrondstoffen en producten;6631,3
2015;Uitvoer;Aardgas;1659,9
2015;Uitvoer;Hernieuwbare energie;69,2
2015;Uitvoer;Biomassa;69,2
2015;Uitvoer;Elektriciteit;79,2
2015;Uitvoer;Overig;1,2
2015;Statistische verschillen;Totaal energiedragers;-18,9
2015;Statistische verschillen;Kool en koolproducten;0
2015;Statistische verschillen;Aardgas;-17,7
2015;Statistische verschillen;Hernieuwbare energie;-0,2
2015;Statistische verschillen;Biomassa;-0,2
2015;Statistische verschillen;Elektriciteit;-1
2015;Totaal energieverbruik;Totaal energiedragers;3089
2015;Totaal energieverbruik;Kool en koolproducten;464,3
2015;Totaal energieverbruik;Aardoliegrondstoffen en producten;1136,2
2015;Totaal energieverbruik;Aardgas;1216,4
2015;Totaal energieverbruik;Kernenergie;39,2
2015;Totaal energieverbruik;Hernieuwbare energie;156,4
2015;Totaal energieverbruik;Waterkracht;0,3
2015;Totaal energieverbruik;Windenergie;27,2
2015;Totaal energieverbruik;Zonne-energie;5,1
2015;Totaal energieverbruik;Aardwarmte;2,4
2015;Totaal energieverbruik;Omgevingsenergie;5,7
2015;Totaal energieverbruik;Biomassa;115,6
2015;Totaal energieverbruik;Elektriciteit;32,5
2015;Totaal energieverbruik;Overig;44,1
2016;Bunkering;Totaal energiedragers;660,4
2016;Bunkering;Aardoliegrondstoffen en producten;660,3
2016;Bunkering;Aardgas;0
2016;Uitvoer;Totaal energiedragers;8590,2
2016;Uitvoer;Kool en koolproducten;2,2
2016;Uitvoer;Aardoliegrondstoffen en producten;6663,7
2016;Uitvoer;Aardgas;1789,4
2016;Uitvoer;Hernieuwbare energie;63,8
2016;Uitvoer;Biomassa;63,8
2016;Uitvoer;Elektriciteit;69,6
2016;Uitvoer;Overig;1,5
2016;Statistische verschillen;Totaal energiedragers;-9
2016;Statistische verschillen;Kool en koolproducten;0
2016;Statistische verschillen;Aardgas;-8,3
2016;Statistische verschillen;Hernieuwbare energie;-0,3
2016;Statistische verschillen;Biomassa;-0,3
2016;Statistische verschillen;Elektriciteit;-0,4
2016;Totaal energieverbruik;Totaal energiedragers;3134,2
2016;Totaal energieverbruik;Kool en koolproducten;430,2
2016;Totaal energieverbruik;Aardoliegrondstoffen en producten;1173,4
2016;Totaal energieverbruik;Aardgas;1265,9
2016;Totaal energieverbruik;Kernenergie;38,4
2016;Totaal energieverbruik;Hernieuwbare energie;161,3
2016;Totaal energieverbruik;Waterkracht;0,4
2016;Totaal energieverbruik;Windenergie;29,4
2016;Totaal energieverbruik;Zonne-energie;6,9
2016;Totaal energieverbruik;Aardwarmte;2,8
2016;Totaal energieverbruik;Omgevingsenergie;6,5
2016;Totaal energieverbruik;Biomassa;115,3
2016;Totaal energieverbruik;Elektriciteit;18,1
2016;Totaal energieverbruik;Overig;46,9
2017;Bunkering;Totaal energiedragers;656
2017;Bunkering;Aardoliegrondstoffen en producten;655,8
2017;Bunkering;Aardgas;0,2
2017;Uitvoer;Totaal energiedragers;8500,6
2017;Uitvoer;Kool en koolproducten;3,7
2017;Uitvoer;Aardoliegrondstoffen en producten;6668,6
2017;Uitvoer;Aardgas;1682
2017;Uitvoer;Hernieuwbare energie;76,3
2017;Uitvoer;Biomassa;76,3
2017;Uitvoer;Elektriciteit;68,2
2017;Uitvoer;Overig;1,8
2017;Statistische verschillen;Totaal energiedragers;-2,8
2017;Statistische verschillen;Kool en koolproducten;0
2017;Statistische verschillen;Aardoliegrondstoffen en producten;0
2017;Statistische verschillen;Aardgas;-2,6
2017;Statistische verschillen;Hernieuwbare energie;-0,2
2017;Statistische verschillen;Biomassa;-0,2
2017;Statistische verschillen;Elektriciteit;0
2017;Totaal energieverbruik;Totaal energiedragers;3151,3
2017;Totaal energieverbruik;Kool en koolproducten;385,7
2017;Totaal energieverbruik;Aardoliegrondstoffen en producten;1188,7
2017;Totaal energieverbruik;Aardgas;1307
2017;Totaal energieverbruik;Kernenergie;33,1
2017;Totaal energieverbruik;Hernieuwbare energie;176,4
2017;Totaal energieverbruik;Waterkracht;0,2
2017;Totaal energieverbruik;Windenergie;38
2017;Totaal energieverbruik;Zonne-energie;9,1
2017;Totaal energieverbruik;Aardwarmte;3
2017;Totaal energieverbruik;Omgevingsenergie;7,6
2017;Totaal energieverbruik;Biomassa;118,4
2017;Totaal energieverbruik;Elektriciteit;12,7
2017;Totaal energieverbruik;Overig;47,7
2018;Bunkering;Totaal energiedragers;639,5
2018;Bunkering;Aardoliegrondstoffen en producten;638,1
2018;Bunkering;Aardgas;0,7
2018;Bunkering;Hernieuwbare energie;0,7
2018;Bunkering;Biomassa;0,7
2018;Uitvoer;Totaal energiedragers;8154,2
2018;Uitvoer;Kool en koolproducten;1,5
2018;Uitvoer;Aardoliegrondstoffen en producten;6390,6
2018;Uitvoer;Aardgas;1631,9
2018;Uitvoer;Hernieuwbare energie;61,4
2018;Uitvoer;Biomassa;61,4
2018;Uitvoer;Elektriciteit;67,6
2018;Uitvoer;Overig;1,2
2018;Statistische verschillen;Totaal energiedragers;4,2
2018;Statistische verschillen;Aardoliegrondstoffen en producten;0
2018;Statistische verschillen;Aardgas;5,6
2018;Statistische verschillen;Hernieuwbare energie;-0,5
2018;Statistische verschillen;Biomassa;-0,5
2018;Statistische verschillen;Elektriciteit;-0,8
2018;Totaal energieverbruik;Totaal energiedragers;3092,4
2018;Totaal energieverbruik;Kool en koolproducten;345,9
2018;Totaal energieverbruik;Aardoliegrondstoffen en producten;1159,5
2018;Totaal energieverbruik;Aardgas;1281,4
2018;Totaal energieverbruik;Kernenergie;34
2018;Totaal energieverbruik;Hernieuwbare energie;194,4
2018;Totaal energieverbruik;Waterkracht;0,3
2018;Totaal energieverbruik;Windenergie;38
2018;Totaal energieverbruik;Zonne-energie;14,5
2018;Totaal energieverbruik;Aardwarmte;3,7
2018;Totaal energieverbruik;Omgevingsenergie;9,1
2018;Totaal energieverbruik;Biomassa;128,9
2018;Totaal energieverbruik;Elektriciteit;29,5
2018;Totaal energieverbruik;Overig;47,6
2019;Bunkering;Totaal energiedragers;645
2019;Bunkering;Aardoliegrondstoffen en producten;640,5
2019;Bunkering;Aardgas;2,5
2019;Bunkering;Hernieuwbare energie;2
2019;Bunkering;Biomassa;2
2019;Uitvoer;Totaal energiedragers;7946,5
2019;Uitvoer;Kool en koolproducten;2,5
2019;Uitvoer;Aardoliegrondstoffen en producten;6376,7
2019;Uitvoer;Aardgas;1428,5
2019;Uitvoer;Hernieuwbare energie;67,1
2019;Uitvoer;Biomassa;67,1
2019;Uitvoer;Elektriciteit;70,4
2019;Uitvoer;Overig;1,3
2019;Statistische verschillen;Totaal energiedragers;4,2
2019;Statistische verschillen;Aardoliegrondstoffen en producten;0
2019;Statistische verschillen;Aardgas;3,6
2019;Statistische verschillen;Hernieuwbare energie;-0,4
2019;Statistische verschillen;Biomassa;-0,4
2019;Statistische verschillen;Elektriciteit;1
2019;Totaal energieverbruik;Totaal energiedragers;3038,9
2019;Totaal energieverbruik;Kool en koolproducten;268,9
2019;Totaal energieverbruik;Aardoliegrondstoffen en producten;1116,3
2019;Totaal energieverbruik;Aardgas;1338,6
2019;Totaal energieverbruik;Kernenergie;38,1
2019;Totaal energieverbruik;Hernieuwbare energie;228,2
2019;Totaal energieverbruik;Waterkracht;0,3
2019;Totaal energieverbruik;Windenergie;41,4
2019;Totaal energieverbruik;Zonne-energie;20,6
2019;Totaal energieverbruik;Aardwarmte;5,6
2019;Totaal energieverbruik;Omgevingsenergie;10,9
2019;Totaal energieverbruik;Biomassa;149,4
2019;Totaal energieverbruik;Elektriciteit;2,1
2019;Totaal energieverbruik;Overig;46,6
2020;Bunkering;Totaal energiedragers;590,5
2020;Bunkering;Aardoliegrondstoffen en producten;575,8
2020;Bunkering;Aardgas;4,8
2020;Bunkering;Hernieuwbare energie;9,9
2020;Bunkering;Biomassa;9,9
2020;Uitvoer;Totaal energiedragers;6917,7
2020;Uitvoer;Kool en koolproducten;7,9
2020;Uitvoer;Aardoliegrondstoffen en producten;5558,1
2020;Uitvoer;Aardgas;1197,9
2020;Uitvoer;Hernieuwbare energie;72,3
2020;Uitvoer;Biomassa;72,3
2020;Uitvoer;Elektriciteit;80,8
2020;Uitvoer;Overig;0,9
2020;Statistische verschillen;Totaal energiedragers;20
2020;Statistische verschillen;Aardoliegrondstoffen en producten;0
2020;Statistische verschillen;Aardgas;16,1
2020;Statistische verschillen;Hernieuwbare energie;0,2
2020;Statistische verschillen;Biomassa;0,2
2020;Statistische verschillen;Elektriciteit;3,7
2020;Totaal energieverbruik;Totaal energiedragers;2927,7
2020;Totaal energieverbruik;Kool en koolproducten;172
2020;Totaal energieverbruik;Aardoliegrondstoffen en producten;1096,1
2020;Totaal energieverbruik;Aardgas;1300,7
2020;Totaal energieverbruik;Kernenergie;40
2020;Totaal energieverbruik;Hernieuwbare energie;283,3
2020;Totaal energieverbruik;Waterkracht;0,2
2020;Totaal energieverbruik;Windenergie;55
2020;Totaal energieverbruik;Zonne-energie;32
2020;Totaal energieverbruik;Aardwarmte;6,2
2020;Totaal energieverbruik;Omgevingsenergie;13,3
2020;Totaal energieverbruik;Biomassa;176,6
2020;Totaal energieverbruik;Elektriciteit;-13,3
2020;Totaal energieverbruik;Overig;48,9
2021;Bunkering;Totaal energiedragers;580,5
2021;Bunkering;Aardoliegrondstoffen en producten;568,5
2021;Bunkering;Aardgas;5
2021;Bunkering;Hernieuwbare energie;7
2021;Bunkering;Biomassa;7
2021;Uitvoer;Totaal energiedragers;7886,4
2021;Uitvoer;Kool en koolproducten;1,5
2021;Uitvoer;Aardoliegrondstoffen en producten;6445,8
2021;Uitvoer;Aardgas;1298
2021;Uitvoer;Hernieuwbare energie;66
2021;Uitvoer;Biomassa;66
2021;Uitvoer;Elektriciteit;74,3
2021;Uitvoer;Overig;0,8
2021;Statistische verschillen;Totaal energiedragers;10,2
2021;Statistische verschillen;Aardoliegrondstoffen en producten;0
2021;Statistische verschillen;Aardgas;7,7
2021;Statistische verschillen;Hernieuwbare energie;-0,3
2021;Statistische verschillen;Biomassa;-0,3
2021;Statistische verschillen;Elektriciteit;2,8
2021;Totaal energieverbruik;Totaal energiedragers;3022,1
2021;Totaal energieverbruik;Kool en koolproducten;234,4
2021;Totaal energieverbruik;Aardoliegrondstoffen en producten;1114,2
2021;Totaal energieverbruik;Aardgas;1254,9
2021;Totaal energieverbruik;Kernenergie;37,3
2021;Totaal energieverbruik;Hernieuwbare energie;333,3
2021;Totaal energieverbruik;Waterkracht;0,3
2021;Totaal energieverbruik;Windenergie;65,2
2021;Totaal energieverbruik;Zonne-energie;41,9
2021;Totaal energieverbruik;Aardwarmte;6,3
2021;Totaal energieverbruik;Omgevingsenergie;16
2021;Totaal energieverbruik;Biomassa;203,6
2021;Totaal energieverbruik;Elektriciteit;-1,9
2021;Totaal energieverbruik;Overig;49,8
2022;Bunkering;Totaal energiedragers;617,7
2022;Bunkering;Aardoliegrondstoffen en producten;595,5
2022;Bunkering;Aardgas;3,3
2022;Bunkering;Hernieuwbare energie;19
2022;Bunkering;Biomassa;19
2022;Uitvoer;Totaal energiedragers;7722,6
2022;Uitvoer;Kool en koolproducten;4,6
2022;Uitvoer;Aardoliegrondstoffen en producten;6359
2022;Uitvoer;Aardgas;1231,4
2022;Uitvoer;Hernieuwbare energie;44,7
2022;Uitvoer;Biomassa;44,7
2022;Uitvoer;Elektriciteit;82,1
2022;Uitvoer;Overig;0,8
2022;Statistische verschillen;Totaal energiedragers;-16,7
2022;Statistische verschillen;Kool en koolproducten;0
2022;Statistische verschillen;Aardoliegrondstoffen en producten;0
2022;Statistische verschillen;Aardgas;-13,3
2022;Statistische verschillen;Hernieuwbare energie;-0,1
2022;Statistische verschillen;Biomassa;-0,1
2022;Statistische verschillen;Elektriciteit;-3,2
2022;Totaal energieverbruik;Totaal energiedragers;2719,8
2022;Totaal energieverbruik;Kool en koolproducten;231,6
2022;Totaal energieverbruik;Aardoliegrondstoffen en producten;1063
2022;Totaal energieverbruik;Aardgas;991,4
2022;Totaal energieverbruik;Kernenergie;40,4
2022;Totaal energieverbruik;Hernieuwbare energie;356,9
2022;Totaal energieverbruik;Waterkracht;0,2
2022;Totaal energieverbruik;Windenergie;77,6
2022;Totaal energieverbruik;Zonne-energie;61,1
2022;Totaal energieverbruik;Aardwarmte;6,8
2022;Totaal energieverbruik;Omgevingsenergie;20,2
2022;Totaal energieverbruik;Biomassa;191
2022;Totaal energieverbruik;Elektriciteit;-12,2
2022;Totaal energieverbruik;Overig;48,6
2023;Bunkering;Totaal energiedragers;590,6
2023;Bunkering;Aardoliegrondstoffen en producten;565,5
2023;Bunkering;Aardgas;8,6
2023;Bunkering;Hernieuwbare energie;16,4
2023;Bunkering;Biomassa;16,4
2023;Uitvoer;Totaal energiedragers;7657,1
2023;Uitvoer;Kool en koolproducten;13,8
2023;Uitvoer;Aardoliegrondstoffen en producten;6321
2023;Uitvoer;Aardgas;1147,5
2023;Uitvoer;Hernieuwbare energie;83,2
2023;Uitvoer;Biomassa;83,2
2023;Uitvoer;Elektriciteit;90,7
2023;Uitvoer;Overig;0,8
2023;Statistische verschillen;Totaal energiedragers;-3,1
2023;Statistische verschillen;Aardgas;-3,9
2023;Statistische verschillen;Hernieuwbare energie;0
2023;Statistische verschillen;Biomassa;0
2023;Statistische verschillen;Elektriciteit;0,8
2023;Totaal energieverbruik;Totaal energiedragers;2615,5
2023;Totaal energieverbruik;Kool en koolproducten;158,2
2023;Totaal energieverbruik;Aardoliegrondstoffen en producten;1086,8
2023;Totaal energieverbruik;Aardgas;932,7
2023;Totaal energieverbruik;Kernenergie;39
2023;Totaal energieverbruik;Hernieuwbare energie;376,8
2023;Totaal energieverbruik;Waterkracht;0,2
2023;Totaal energieverbruik;Windenergie;106,3
2023;Totaal energieverbruik;Zonne-energie;71,7
2023;Totaal energieverbruik;Aardwarmte;6,8
2023;Totaal energieverbruik;Omgevingsenergie;25,5
2023;Totaal energieverbruik;Biomassa;166,3
2023;Totaal energieverbruik;Elektriciteit;-21,1
2023;Totaal energieverbruik;Overig;43,1
2024;Bunkering;Totaal energiedragers;631,3
2024;Bunkering;Aardoliegrondstoffen en producten;599,6
2024;Bunkering;Aardgas;16,4
2024;Bunkering;Hernieuwbare energie;15,3
2024;Bunkering;Biomassa;15,3
2024;Uitvoer;Totaal energiedragers;7296,3
2024;Uitvoer;Kool en koolproducten;4,4
2024;Uitvoer;Aardoliegrondstoffen en producten;6191,3
2024;Uitvoer;Aardgas;953
2024;Uitvoer;Hernieuwbare energie;59,5
2024;Uitvoer;Biomassa;59,5
2024;Uitvoer;Elektriciteit;87,3
2024;Uitvoer;Overig;0,8
2024;Statistische verschillen;Totaal energiedragers;-1
2024;Statistische verschillen;Aardoliegrondstoffen en producten;0
2024;Statistische verschillen;Aardgas;-4,1
2024;Statistische verschillen;Hernieuwbare energie;0,2
2024;Statistische verschillen;Biomassa;0,2
2024;Statistische verschillen;Elektriciteit;2,9
2024;Totaal energieverbruik;Totaal energiedragers;2629,6
2024;Totaal energieverbruik;Kool en koolproducten;173,4
2024;Totaal energieverbruik;Aardoliegrondstoffen en producten;1041,7
2024;Totaal energieverbruik;Aardgas;945,3
2024;Totaal energieverbruik;Kernenergie;34,7
2024;Totaal energieverbruik;Hernieuwbare energie;408,2
2024;Totaal energieverbruik;Waterkracht;0,3
2024;Totaal energieverbruik;Windenergie;120,6
2024;Totaal energieverbruik;Zonne-energie;77,7
2024;Totaal energieverbruik;Aardwarmte;7,5
2024;Totaal energieverbruik;Omgevingsenergie;29,6
2024;Totaal energieverbruik;Biomassa;172,5
2024;Totaal energieverbruik;Elektriciteit;-18,1
2024;Totaal energieverbruik;Overig;44,5
